parameter,savings_range,miss_range,switches_range,total_influence
q_crit,4.3349999999999795,0.8422810210920783,33.05,29.28281021092076
counter,8.326000000000008,0.00026167735182519927,4.0,10.32861677351826
q_low,3.1570000000000107,0.000735438728424043,4.220000000000006,5.274354387284254
theta_up,0.28700000000002035,0.0,0.10000000000000142,0.33700000000002106
theta_down,0.0,0.0,0.0,0.0
